{"checkedChs": [], "checkedDig": [], "timeoffset": 1459.4, "colortable": [[1.0, 0.049259941092817276, 0.024637449195382185, 1.0], [1.0, 0.6645401787078582, 0.35549083330031817, 1.0], [0.21764705882352942, 0.42912060877260894, 0.9755119679804366, 1.0], [1.0, 0.049259941092817276, 0.024637449195382185, 1.0], [0.1941176470588235, 0.46220388354031317, 0.9712810319161138, 1.0], [0.1941176470588235, 0.46220388354031317, 0.9712810319161138, 1.0], [0.1941176470588235, 0.46220388354031317, 0.9712810319161138, 1.0], [0.1941176470588235, 0.46220388354031317, 0.9712810319161138, 1.0], [0.1941176470588235, 0.46220388354031317, 0.9712810319161138, 1.0], [0.888235294117647, 0.8197404829072211, 0.4622038835403132, 1.0], [0.1941176470588235, 0.46220388354031317, 0.9712810319161138, 1.0], [0.888235294117647, 0.8197404829072211, 0.4622038835403132, 1.0], [0.4215686274509804, 0.12288829066471411, 0.9981033287370441, 1.0], [1.0, 0.5977074592660937, 0.3148695888935079, 1.0], [0.8725490196078431, 0.8336023852211194, 0.47309355683601007, 1.0], [0.8725490196078431, 0.8336023852211194, 0.47309355683601007, 1.0], [0.4725490196078431, 0.9990704811844932, 0.7221864503320093, 1.0], [0.2803921568627451, 0.33815827481581706, 0.9851622334675065, 1.0], [0.2803921568627451, 0.33815827481581706, 0.9851622334675065, 1.0], [1.0, 0.049259941092817276, 0.024637449195382185, 1.0], [0.9352941176470588, 0.77520397611113, 0.4291206087726091, 1.0], [0.6450980392156862, 0.9741386021045102, 0.622112816721474, 1.0], [0.40588235294117647, 0.1473016980546375, 0.997269173385788, 1.0], [0.1941176470588235, 0.46220388354031317, 0.9712810319161138, 1.0], [0.4215686274509804, 0.12288829066471411, 0.9981033287370441, 1.0], [0.1941176470588235, 0.46220388354031317, 0.9712810319161138, 1.0], [0.7705882352941176, 0.9110226492460884, 0.5420533564724495, 1.0], [0.9039215686274509, 0.8053809193888327, 0.4512440570453229, 1.0], [0.32745098039215687, 0.2677330033224679, 0.9908312530915603, 1.0], [1.0, 0.049259941092817276, 0.024637449195382185, 1.0], [1.0, 0.049259941092817276, 0.024637449195382185, 1.0], [0.1941176470588235, 0.46220388354031317, 0.9712810319161138, 1.0], [0.39019607843137255, 0.1716256791663596, 0.9962836527484294, 1.0], [0.28823529411764703, 0.3265387128400833, 0.9862007473534026, 1.0], [0.9352941176470588, 0.77520397611113, 0.4291206087726091, 1.0], [0.28823529411764703, 0.3265387128400833, 0.9862007473534026, 1.0], [0.4843137254901961, 0.02463744919538197, 0.9999241101148306, 1.0], [0.28823529411764703, 0.3265387128400833, 0.9862007473534026, 1.0], [1.0, 0.049259941092817276, 0.024637449195382185, 1.0], [0.5509803921568628, 0.9967953249171991, 0.678235117349234, 1.0], [0.8333333333333333, 0.8660254037844387, 0.5000000000000001, 1.0], [0.8411764705882352, 0.8597998514483726, 0.4946558433997789, 1.0], [0.8333333333333333, 0.8660254037844387, 0.5000000000000001, 1.0], [0.8411764705882352, 0.8597998514483726, 0.4946558433997789, 1.0], [0.9431372549019608, 0.7673626814486971, 0.4235485126679244, 1.0], [0.9431372549019608, 0.7673626814486971, 0.4235485126679244, 1.0], [0.9431372549019608, 0.7673626814486971, 0.4235485126679244, 1.0], [0.28823529411764703, 0.3265387128400833, 0.9862007473534026, 1.0], [0.28823529411764703, 0.3265387128400833, 0.9862007473534026, 1.0], [0.28823529411764703, 0.3265387128400833, 0.9862007473534026, 1.0], [0.28823529411764703, 0.3265387128400833, 0.9862007473534026, 1.0], [0.28823529411764703, 0.3265387128400833, 0.9862007473534026, 1.0], [0.28823529411764703, 0.3265387128400833, 0.9862007473534026, 1.0], [0.28823529411764703, 0.3265387128400833, 0.9862007473534026, 1.0], [0.9431372549019608, 0.7673626814486971, 0.4235485126679244, 1.0], [0.40588235294117647, 0.1473016980546375, 0.997269173385788, 1.0], [0.28823529411764703, 0.3265387128400833, 0.9862007473534026, 1.0], [0.7, 0.9510565162951536, 0.5877852522924731, 1.0], [0.8490196078431373, 0.8534437988883159, 0.4892929169339235, 1.0], [0.8490196078431373, 0.8534437988883159, 0.4892929169339235, 1.0], [1.0, 0.1106526818915011, 0.05541147491597008, 1.0], [1.0, 0.41796034488678324, 0.21393308320649734, 1.0], [1.0, 0.5676747161445903, 0.29727685063120274, 1.0], [1.0, 0.5676747161445903, 0.29727685063120274, 1.0], [1.0, 0.5676747161445903, 0.29727685063120274, 1.0], [0.28823529411764703, 0.3265387128400833, 0.9862007473534026, 1.0], [1.0, 0.1106526818915011, 0.05541147491597008, 1.0], [1.0, 0.049259941092817276, 0.024637449195382185, 1.0], [0.32745098039215687, 0.2677330033224679, 0.9908312530915603, 1.0], [0.32745098039215687, 0.2677330033224679, 0.9908312530915603, 1.0], [0.7705882352941176, 0.9110226492460884, 0.5420533564724495, 1.0], [1.0, 0.049259941092817276, 0.024637449195382185, 1.0], [0.5431372549019609, 0.9977051801738729, 0.6827488552151855, 1.0], [1.0, 0.049259941092817276, 0.024637449195382185, 1.0], [1.0, 0.049259941092817276, 0.024637449195382185, 1.0], [1.0, 0.049259941092817276, 0.024637449195382185, 1.0], [0.1941176470588235, 0.46220388354031317, 0.9712810319161138, 1.0], [0.32745098039215687, 0.2677330033224679, 0.9908312530915603, 1.0], [0.2803921568627451, 0.33815827481581706, 0.9851622334675065, 1.0], [0.1941176470588235, 0.46220388354031317, 0.9712810319161138, 1.0], [0.4843137254901961, 0.02463744919538197, 0.9999241101148306, 1.0], [0.1941176470588235, 0.46220388354031317, 0.9712810319161138, 1.0], [0.888235294117647, 0.8197404829072211, 0.4622038835403132, 1.0], [0.4372549019607843, 0.0984002782796427, 0.99878599219429, 1.0], [0.1941176470588235, 0.46220388354031317, 0.9712810319161138, 1.0], [0.1941176470588235, 0.46220388354031317, 0.9712810319161138, 1.0], [0.4215686274509804, 0.12288829066471411, 0.9981033287370441, 1.0], [1.0, 0.6916984393193701, 0.3727019919909141, 1.0], [0.4843137254901961, 0.02463744919538197, 0.9999241101148306, 1.0], [0.1941176470588235, 0.46220388354031317, 0.9712810319161138, 1.0], [0.4137254901960784, 0.13510524748139296, 0.9977051801738729, 1.0], [1.0, 0.5368665976441802, 0.27958259259674395, 1.0], [1.0, 0.14730169805463766, 0.07385252747487403, 1.0], [0.8333333333333333, 0.8660254037844387, 0.5000000000000001, 1.0], [0.4215686274509804, 0.12288829066471411, 0.9981033287370441, 1.0], [0.1941176470588235, 0.46220388354031317, 0.9712810319161138, 1.0], [1.0, 0.049259941092817276, 0.024637449195382185, 1.0], [0.32745098039215687, 0.2677330033224679, 0.9908312530915603, 1.0], [1.0, 0.049259941092817276, 0.024637449195382185, 1.0], [1.0, 0.049259941092817276, 0.024637449195382185, 1.0], [1.0, 0.049259941092817276, 0.024637449195382185, 1.0], [1.0, 0.049259941092817276, 0.024637449195382185, 1.0], [1.0, 0.049259941092817276, 0.024637449195382185, 1.0], [0.9431372549019608, 0.7673626814486971, 0.4235485126679244, 1.0], [1.0, 0.049259941092817276, 0.024637449195382185, 1.0], [1.0, 0.049259941092817276, 0.024637449195382185, 1.0], [1.0, 0.049259941092817276, 0.024637449195382185, 1.0]]}